task_id,prompt,canonical_solution,test,entry_point,question,answer
HumanEval/52,"

def below_threshold(l: list, t: int):
    """"""Return True if all numbers in the list l are below threshold t.
    >>> below_threshold([1, 2, 4, 10], 100)
    True
    >>> below_threshold([1, 20, 4, 10], 5)
    False
    """"""
","    for e in l:
        if e >= t:
            return False
    return True
","

METADATA = {}


def check(candidate):
    assert candidate([1, 2, 4, 10], 100)
    assert not candidate([1, 20, 4, 10], 5)
    assert candidate([1, 20, 4, 10], 21)
    assert candidate([1, 20, 4, 10], 22)
    assert candidate([1, 8, 4, 10], 11)
    assert not candidate([1, 8, 4, 10], 10)

",below_threshold,"

def below_threshold(l: list, t: int):
    """"""Return True if all numbers in the list l are below threshold t.
    >>> below_threshold([1, 2, 4, 10], 100)
    True
    >>> below_threshold([1, 20, 4, 10], 5)
    False
    """"""
","

def below_threshold(l: list, t: int):
    """"""Return True if all numbers in the list l are below threshold t.
    >>> below_threshold([1, 2, 4, 10], 100)
    True
    >>> below_threshold([1, 20, 4, 10], 5)
    False
    """"""
    for e in l:
        if e >= t:
            return False
    return True
"
HumanEval/134,"
def check_if_last_char_is_a_letter(txt):
    '''
    Create a function that returns True if the last character
    of a given string is an alphabetical character and is not
    a part of a word, and False otherwise.
    Note: ""word"" is a group of characters separated by space.

    Examples:
    check_if_last_char_is_a_letter(""apple pie"") ➞ False
    check_if_last_char_is_a_letter(""apple pi e"") ➞ True
    check_if_last_char_is_a_letter(""apple pi e "") ➞ False
    check_if_last_char_is_a_letter("""") ➞ False 
    '''
"," 
    check = txt.split(' ')[-1]
    return True if len(check) == 1 and (97 <= ord(check.lower()) <= 122) else False
","def check(candidate):

    # Check some simple cases
    assert candidate(""apple"") == False
    assert candidate(""apple pi e"") == True
    assert candidate(""eeeee"") == False
    assert candidate(""A"") == True
    assert candidate(""Pumpkin pie "") == False
    assert candidate(""Pumpkin pie 1"") == False
    assert candidate("""") == False
    assert candidate(""eeeee e "") == False
    assert candidate(""apple pie"") == False
    assert candidate(""apple pi e "") == False

    # Check some edge cases that are easy to work out by hand.
    assert True

",check_if_last_char_is_a_letter,"
def check_if_last_char_is_a_letter(txt):
    '''
    Create a function that returns True if the last character
    of a given string is an alphabetical character and is not
    a part of a word, and False otherwise.
    Note: ""word"" is a group of characters separated by space.

    Examples:
    check_if_last_char_is_a_letter(""apple pie"") ➞ False
    check_if_last_char_is_a_letter(""apple pi e"") ➞ True
    check_if_last_char_is_a_letter(""apple pi e "") ➞ False
    check_if_last_char_is_a_letter("""") ➞ False 
    '''
","
def check_if_last_char_is_a_letter(txt):
    '''
    Create a function that returns True if the last character
    of a given string is an alphabetical character and is not
    a part of a word, and False otherwise.
    Note: ""word"" is a group of characters separated by space.

    Examples:
    check_if_last_char_is_a_letter(""apple pie"") ➞ False
    check_if_last_char_is_a_letter(""apple pi e"") ➞ True
    check_if_last_char_is_a_letter(""apple pi e "") ➞ False
    check_if_last_char_is_a_letter("""") ➞ False 
    '''
 
    check = txt.split(' ')[-1]
    return True if len(check) == 1 and (97 <= ord(check.lower()) <= 122) else False
"
HumanEval/51,"

def remove_vowels(text):
    """"""
    remove_vowels is a function that takes string and returns string without vowels.
    >>> remove_vowels('')
    ''
    >>> remove_vowels(""abcdef\nghijklm"")
    'bcdf\nghjklm'
    >>> remove_vowels('abcdef')
    'bcdf'
    >>> remove_vowels('aaaaa')
    ''
    >>> remove_vowels('aaBAA')
    'B'
    >>> remove_vowels('zbcd')
    'zbcd'
    """"""
","    return """".join([s for s in text if s.lower() not in [""a"", ""e"", ""i"", ""o"", ""u""]])
","

METADATA = {}


def check(candidate):
    assert candidate('') == ''
    assert candidate(""abcdef\nghijklm"") == 'bcdf\nghjklm'
    assert candidate('fedcba') == 'fdcb'
    assert candidate('eeeee') == ''
    assert candidate('acBAA') == 'cB'
    assert candidate('EcBOO') == 'cB'
    assert candidate('ybcd') == 'ybcd'

",remove_vowels,"

def remove_vowels(text):
    """"""
    remove_vowels is a function that takes string and returns string without vowels.
    >>> remove_vowels('')
    ''
    >>> remove_vowels(""abcdef\nghijklm"")
    'bcdf\nghjklm'
    >>> remove_vowels('abcdef')
    'bcdf'
    >>> remove_vowels('aaaaa')
    ''
    >>> remove_vowels('aaBAA')
    'B'
    >>> remove_vowels('zbcd')
    'zbcd'
    """"""
","

def remove_vowels(text):
    """"""
    remove_vowels is a function that takes string and returns string without vowels.
    >>> remove_vowels('')
    ''
    >>> remove_vowels(""abcdef\nghijklm"")
    'bcdf\nghjklm'
    >>> remove_vowels('abcdef')
    'bcdf'
    >>> remove_vowels('aaaaa')
    ''
    >>> remove_vowels('aaBAA')
    'B'
    >>> remove_vowels('zbcd')
    'zbcd'
    """"""
    return """".join([s for s in text if s.lower() not in [""a"", ""e"", ""i"", ""o"", ""u""]])
"
HumanEval/66,"
def digitSum(s):
    """"""Task
    Write a function that takes a string as input and returns the sum of the upper characters only'
    ASCII codes.

    Examples:
        digitSum("""") => 0
        digitSum(""abAB"") => 131
        digitSum(""abcCd"") => 67
        digitSum(""helloE"") => 69
        digitSum(""woArBld"") => 131
        digitSum(""aAaaaXa"") => 153
    """"""
","    if s == """": return 0
    return sum(ord(char) if char.isupper() else 0 for char in s)
","def check(candidate):

    # Check some simple cases
    assert True, ""This prints if this assert fails 1 (good for debugging!)""
    assert candidate("""") == 0, ""Error""
    assert candidate(""abAB"") == 131, ""Error""
    assert candidate(""abcCd"") == 67, ""Error""
    assert candidate(""helloE"") == 69, ""Error""
    assert candidate(""woArBld"") == 131, ""Error""
    assert candidate(""aAaaaXa"") == 153, ""Error""

    # Check some edge cases that are easy to work out by hand.
    assert True, ""This prints if this assert fails 2 (also good for debugging!)""
    assert candidate("" How are yOu?"") == 151, ""Error""
    assert candidate(""You arE Very Smart"") == 327, ""Error""

",digitSum,"
def digitSum(s):
    """"""Task
    Write a function that takes a string as input and returns the sum of the upper characters only'
    ASCII codes.

    Examples:
        digitSum("""") => 0
        digitSum(""abAB"") => 131
        digitSum(""abcCd"") => 67
        digitSum(""helloE"") => 69
        digitSum(""woArBld"") => 131
        digitSum(""aAaaaXa"") => 153
    """"""
","
def digitSum(s):
    """"""Task
    Write a function that takes a string as input and returns the sum of the upper characters only'
    ASCII codes.

    Examples:
        digitSum("""") => 0
        digitSum(""abAB"") => 131
        digitSum(""abcCd"") => 67
        digitSum(""helloE"") => 69
        digitSum(""woArBld"") => 131
        digitSum(""aAaaaXa"") => 153
    """"""
    if s == """": return 0
    return sum(ord(char) if char.isupper() else 0 for char in s)
"
HumanEval/147,"
def get_max_triples(n):
    """"""
    You are given a positive integer n. You have to create an integer array a of length n.
        For each i (1 ≤ i ≤ n), the value of a[i] = i * i - i + 1.
        Return the number of triples (a[i], a[j], a[k]) of a where i < j < k, 
    and a[i] + a[j] + a[k] is a multiple of 3.

    Example :
        Input: n = 5
        Output: 1
        Explanation: 
        a = [1, 3, 7, 13, 21]
        The only valid triple is (1, 7, 13).
    """"""
","    A = [i*i - i + 1 for i in range(1,n+1)]
    ans = []
    for i in range(n):
        for j in range(i+1,n):
            for k in range(j+1,n):
                if (A[i]+A[j]+A[k])%3 == 0:
                    ans += [(A[i],A[j],A[k])]
    return len(ans)
","def check(candidate):

    assert candidate(5) == 1
    assert candidate(6) == 4
    assert candidate(10) == 36
    assert candidate(100) == 53361
",get_max_triples,"
def get_max_triples(n):
    """"""
    You are given a positive integer n. You have to create an integer array a of length n.
        For each i (1 ≤ i ≤ n), the value of a[i] = i * i - i + 1.
        Return the number of triples (a[i], a[j], a[k]) of a where i < j < k, 
    and a[i] + a[j] + a[k] is a multiple of 3.

    Example :
        Input: n = 5
        Output: 1
        Explanation: 
        a = [1, 3, 7, 13, 21]
        The only valid triple is (1, 7, 13).
    """"""
","
def get_max_triples(n):
    """"""
    You are given a positive integer n. You have to create an integer array a of length n.
        For each i (1 ≤ i ≤ n), the value of a[i] = i * i - i + 1.
        Return the number of triples (a[i], a[j], a[k]) of a where i < j < k, 
    and a[i] + a[j] + a[k] is a multiple of 3.

    Example :
        Input: n = 5
        Output: 1
        Explanation: 
        a = [1, 3, 7, 13, 21]
        The only valid triple is (1, 7, 13).
    """"""
    A = [i*i - i + 1 for i in range(1,n+1)]
    ans = []
    for i in range(n):
        for j in range(i+1,n):
            for k in range(j+1,n):
                if (A[i]+A[j]+A[k])%3 == 0:
                    ans += [(A[i],A[j],A[k])]
    return len(ans)
"
HumanEval/101,"
def words_string(s):
    """"""
    You will be given a string of words separated by commas or spaces. Your task is
    to split the string into words and return an array of the words.
    
    For example:
    words_string(""Hi, my name is John"") == [""Hi"", ""my"", ""name"", ""is"", ""John""]
    words_string(""One, two, three, four, five, six"") == [""One"", ""two"", ""three"", ""four"", ""five"", ""six""]
    """"""
","    if not s:
        return []

    s_list = []

    for letter in s:
        if letter == ',':
            s_list.append(' ')
        else:
            s_list.append(letter)

    s_list = """".join(s_list)
    return s_list.split()
","def check(candidate):

    # Check some simple cases
    assert True, ""This prints if this assert fails 1 (good for debugging!)""
    assert candidate(""Hi, my name is John"") == [""Hi"", ""my"", ""name"", ""is"", ""John""]
    assert candidate(""One, two, three, four, five, six"") == [""One"", ""two"", ""three"", ""four"", ""five"", ""six""]
    assert candidate(""Hi, my name"") == [""Hi"", ""my"", ""name""]
    assert candidate(""One,, two, three, four, five, six,"") == [""One"", ""two"", ""three"", ""four"", ""five"", ""six""]

    # Check some edge cases that are easy to work out by hand.
    assert True, ""This prints if this assert fails 2 (also good for debugging!)""
    assert candidate("""") == []
    assert candidate(""ahmed     , gamal"") == [""ahmed"", ""gamal""]

",words_string,"
def words_string(s):
    """"""
    You will be given a string of words separated by commas or spaces. Your task is
    to split the string into words and return an array of the words.
    
    For example:
    words_string(""Hi, my name is John"") == [""Hi"", ""my"", ""name"", ""is"", ""John""]
    words_string(""One, two, three, four, five, six"") == [""One"", ""two"", ""three"", ""four"", ""five"", ""six""]
    """"""
","
def words_string(s):
    """"""
    You will be given a string of words separated by commas or spaces. Your task is
    to split the string into words and return an array of the words.
    
    For example:
    words_string(""Hi, my name is John"") == [""Hi"", ""my"", ""name"", ""is"", ""John""]
    words_string(""One, two, three, four, five, six"") == [""One"", ""two"", ""three"", ""four"", ""five"", ""six""]
    """"""
    if not s:
        return []

    s_list = []

    for letter in s:
        if letter == ',':
            s_list.append(' ')
        else:
            s_list.append(letter)

    s_list = """".join(s_list)
    return s_list.split()
"
HumanEval/24,"

def largest_divisor(n: int) -> int:
    """""" For a given number n, find the largest number that divides n evenly, smaller than n
    >>> largest_divisor(15)
    5
    """"""
","    for i in reversed(range(n)):
        if n % i == 0:
            return i
","

METADATA = {
    'author': 'jt',
    'dataset': 'test'
}


def check(candidate):
    assert candidate(3) == 1
    assert candidate(7) == 1
    assert candidate(10) == 5
    assert candidate(100) == 50
    assert candidate(49) == 7
",largest_divisor,"

def largest_divisor(n: int) -> int:
    """""" For a given number n, find the largest number that divides n evenly, smaller than n
    >>> largest_divisor(15)
    5
    """"""
","

def largest_divisor(n: int) -> int:
    """""" For a given number n, find the largest number that divides n evenly, smaller than n
    >>> largest_divisor(15)
    5
    """"""
    for i in reversed(range(n)):
        if n % i == 0:
            return i
"
HumanEval/125,"
def split_words(txt):
    '''
    Given a string of words, return a list of words split on whitespace, if no whitespaces exists in the text you
    should split on commas ',' if no commas exists you should return the number of lower-case letters with odd order in the
    alphabet, ord('a') = 0, ord('b') = 1, ... ord('z') = 25
    Examples
    split_words(""Hello world!"") ➞ [""Hello"", ""world!""]
    split_words(""Hello,world!"") ➞ [""Hello"", ""world!""]
    split_words(""abcdef"") == 3 
    '''
","    if "" "" in txt:
        return txt.split()
    elif "","" in txt:
        return txt.replace(',',' ').split()
    else:
        return len([i for i in txt if i.islower() and ord(i)%2 == 0])
","def check(candidate):

    assert candidate(""Hello world!"") == [""Hello"",""world!""]
    assert candidate(""Hello,world!"") == [""Hello"",""world!""]
    assert candidate(""Hello world,!"") == [""Hello"",""world,!""]
    assert candidate(""Hello,Hello,world !"") == [""Hello,Hello,world"",""!""]
    assert candidate(""abcdef"") == 3
    assert candidate(""aaabb"") == 2
    assert candidate(""aaaBb"") == 1
    assert candidate("""") == 0
",split_words,"
def split_words(txt):
    '''
    Given a string of words, return a list of words split on whitespace, if no whitespaces exists in the text you
    should split on commas ',' if no commas exists you should return the number of lower-case letters with odd order in the
    alphabet, ord('a') = 0, ord('b') = 1, ... ord('z') = 25
    Examples
    split_words(""Hello world!"") ➞ [""Hello"", ""world!""]
    split_words(""Hello,world!"") ➞ [""Hello"", ""world!""]
    split_words(""abcdef"") == 3 
    '''
","
def split_words(txt):
    '''
    Given a string of words, return a list of words split on whitespace, if no whitespaces exists in the text you
    should split on commas ',' if no commas exists you should return the number of lower-case letters with odd order in the
    alphabet, ord('a') = 0, ord('b') = 1, ... ord('z') = 25
    Examples
    split_words(""Hello world!"") ➞ [""Hello"", ""world!""]
    split_words(""Hello,world!"") ➞ [""Hello"", ""world!""]
    split_words(""abcdef"") == 3 
    '''
    if "" "" in txt:
        return txt.split()
    elif "","" in txt:
        return txt.replace(',',' ').split()
    else:
        return len([i for i in txt if i.islower() and ord(i)%2 == 0])
"
HumanEval/145,"
def order_by_points(nums):
    """"""
    Write a function which sorts the given list of integers
    in ascending order according to the sum of their digits.
    Note: if there are several items with similar sum of their digits,
    order them based on their index in original list.

    For example:
    >>> order_by_points([1, 11, -1, -11, -12]) == [-1, -11, 1, -12, 11]
    >>> order_by_points([]) == []
    """"""
","    def digits_sum(n):
        neg = 1
        if n < 0: n, neg = -1 * n, -1 
        n = [int(i) for i in str(n)]
        n[0] = n[0] * neg
        return sum(n)
    return sorted(nums, key=digits_sum)
","def check(candidate):

    # Check some simple cases
    assert candidate([1, 11, -1, -11, -12]) == [-1, -11, 1, -12, 11]
    assert candidate([1234,423,463,145,2,423,423,53,6,37,3457,3,56,0,46]) == [0, 2, 3, 6, 53, 423, 423, 423, 1234, 145, 37, 46, 56, 463, 3457]
    assert candidate([]) == []
    assert candidate([1, -11, -32, 43, 54, -98, 2, -3]) == [-3, -32, -98, -11, 1, 2, 43, 54]
    assert candidate([1,2,3,4,5,6,7,8,9,10,11]) == [1, 10, 2, 11, 3, 4, 5, 6, 7, 8, 9]
    assert candidate([0,6,6,-76,-21,23,4]) == [-76, -21, 0, 4, 23, 6, 6]

    # Check some edge cases that are easy to work out by hand.
    assert True, ""This prints if this assert fails 2 (also good for debugging!)""

",order_by_points,"
def order_by_points(nums):
    """"""
    Write a function which sorts the given list of integers
    in ascending order according to the sum of their digits.
    Note: if there are several items with similar sum of their digits,
    order them based on their index in original list.

    For example:
    >>> order_by_points([1, 11, -1, -11, -12]) == [-1, -11, 1, -12, 11]
    >>> order_by_points([]) == []
    """"""
","
def order_by_points(nums):
    """"""
    Write a function which sorts the given list of integers
    in ascending order according to the sum of their digits.
    Note: if there are several items with similar sum of their digits,
    order them based on their index in original list.

    For example:
    >>> order_by_points([1, 11, -1, -11, -12]) == [-1, -11, 1, -12, 11]
    >>> order_by_points([]) == []
    """"""
    def digits_sum(n):
        neg = 1
        if n < 0: n, neg = -1 * n, -1 
        n = [int(i) for i in str(n)]
        n[0] = n[0] * neg
        return sum(n)
    return sorted(nums, key=digits_sum)
"
HumanEval/50,"

def encode_shift(s: str):
    """"""
    returns encoded string by shifting every character by 5 in the alphabet.
    """"""
    return """".join([chr(((ord(ch) + 5 - ord(""a"")) % 26) + ord(""a"")) for ch in s])


def decode_shift(s: str):
    """"""
    takes as input string encoded with encode_shift function. Returns decoded string.
    """"""
","    return """".join([chr(((ord(ch) - 5 - ord(""a"")) % 26) + ord(""a"")) for ch in s])
","

METADATA = {}


def check(candidate):
    from random import randint, choice
    import copy
    import string

    letters = string.ascii_lowercase
    for _ in range(100):
        str = ''.join(choice(letters) for i in range(randint(10, 20)))
        encoded_str = encode_shift(str)
        assert candidate(copy.deepcopy(encoded_str)) == str

",decode_shift,"

def encode_shift(s: str):
    """"""
    returns encoded string by shifting every character by 5 in the alphabet.
    """"""
    return """".join([chr(((ord(ch) + 5 - ord(""a"")) % 26) + ord(""a"")) for ch in s])


def decode_shift(s: str):
    """"""
    takes as input string encoded with encode_shift function. Returns decoded string.
    """"""
","

def encode_shift(s: str):
    """"""
    returns encoded string by shifting every character by 5 in the alphabet.
    """"""
    return """".join([chr(((ord(ch) + 5 - ord(""a"")) % 26) + ord(""a"")) for ch in s])


def decode_shift(s: str):
    """"""
    takes as input string encoded with encode_shift function. Returns decoded string.
    """"""
    return """".join([chr(((ord(ch) - 5 - ord(""a"")) % 26) + ord(""a"")) for ch in s])
"
HumanEval/38,"

def encode_cyclic(s: str):
    """"""
    returns encoded string by cycling groups of three characters.
    """"""
    # split string to groups. Each of length 3.
    groups = [s[(3 * i):min((3 * i + 3), len(s))] for i in range((len(s) + 2) // 3)]
    # cycle elements in each group. Unless group has fewer elements than 3.
    groups = [(group[1:] + group[0]) if len(group) == 3 else group for group in groups]
    return """".join(groups)


def decode_cyclic(s: str):
    """"""
    takes as input string encoded with encode_cyclic function. Returns decoded string.
    """"""
","    return encode_cyclic(encode_cyclic(s))
","

METADATA = {}


def check(candidate):
    from random import randint, choice
    import string

    letters = string.ascii_lowercase
    for _ in range(100):
        str = ''.join(choice(letters) for i in range(randint(10, 20)))
        encoded_str = encode_cyclic(str)
        assert candidate(encoded_str) == str

",decode_cyclic,"

def encode_cyclic(s: str):
    """"""
    returns encoded string by cycling groups of three characters.
    """"""
    # split string to groups. Each of length 3.
    groups = [s[(3 * i):min((3 * i + 3), len(s))] for i in range((len(s) + 2) // 3)]
    # cycle elements in each group. Unless group has fewer elements than 3.
    groups = [(group[1:] + group[0]) if len(group) == 3 else group for group in groups]
    return """".join(groups)


def decode_cyclic(s: str):
    """"""
    takes as input string encoded with encode_cyclic function. Returns decoded string.
    """"""
","

def encode_cyclic(s: str):
    """"""
    returns encoded string by cycling groups of three characters.
    """"""
    # split string to groups. Each of length 3.
    groups = [s[(3 * i):min((3 * i + 3), len(s))] for i in range((len(s) + 2) // 3)]
    # cycle elements in each group. Unless group has fewer elements than 3.
    groups = [(group[1:] + group[0]) if len(group) == 3 else group for group in groups]
    return """".join(groups)


def decode_cyclic(s: str):
    """"""
    takes as input string encoded with encode_cyclic function. Returns decoded string.
    """"""
    return encode_cyclic(encode_cyclic(s))
"
HumanEval/142,"


def sum_squares(lst):
    """"""""
    This function will take a list of integers. For all entries in the list, the function shall square the integer entry if its index is a 
    multiple of 3 and will cube the integer entry if its index is a multiple of 4 and not a multiple of 3. The function will not 
    change the entries in the list whose indexes are not a multiple of 3 or 4. The function shall then return the sum of all entries. 
    
    Examples:
    For lst = [1,2,3] the output should be 6
    For lst = []  the output should be 0
    For lst = [-1,-5,2,-1,-5]  the output should be -126
    """"""
","    result =[]
    for i in range(len(lst)):
        if i %3 == 0:
            result.append(lst[i]**2)
        elif i % 4 == 0 and i%3 != 0:
            result.append(lst[i]**3)
        else:
            result.append(lst[i])
    return sum(result)
","def check(candidate):

    # Check some simple cases
    
    assert candidate([1,2,3]) == 6
    assert candidate([1,4,9]) == 14
    assert candidate([]) == 0
    assert candidate([1,1,1,1,1,1,1,1,1]) == 9
    assert candidate([-1,-1,-1,-1,-1,-1,-1,-1,-1]) == -3
    assert candidate([0]) == 0
    assert candidate([-1,-5,2,-1,-5]) == -126
    assert candidate([-56,-99,1,0,-2]) == 3030
    assert candidate([-1,0,0,0,0,0,0,0,-1]) == 0
    assert candidate([-16, -9, -2, 36, 36, 26, -20, 25, -40, 20, -4, 12, -26, 35, 37]) == -14196
    assert candidate([-1, -3, 17, -1, -15, 13, -1, 14, -14, -12, -5, 14, -14, 6, 13, 11, 16, 16, 4, 10]) == -1448
    
    
    # Don't remove this line:
",sum_squares,"


def sum_squares(lst):
    """"""""
    This function will take a list of integers. For all entries in the list, the function shall square the integer entry if its index is a 
    multiple of 3 and will cube the integer entry if its index is a multiple of 4 and not a multiple of 3. The function will not 
    change the entries in the list whose indexes are not a multiple of 3 or 4. The function shall then return the sum of all entries. 
    
    Examples:
    For lst = [1,2,3] the output should be 6
    For lst = []  the output should be 0
    For lst = [-1,-5,2,-1,-5]  the output should be -126
    """"""
","


def sum_squares(lst):
    """"""""
    This function will take a list of integers. For all entries in the list, the function shall square the integer entry if its index is a 
    multiple of 3 and will cube the integer entry if its index is a multiple of 4 and not a multiple of 3. The function will not 
    change the entries in the list whose indexes are not a multiple of 3 or 4. The function shall then return the sum of all entries. 
    
    Examples:
    For lst = [1,2,3] the output should be 6
    For lst = []  the output should be 0
    For lst = [-1,-5,2,-1,-5]  the output should be -126
    """"""
    result =[]
    for i in range(len(lst)):
        if i %3 == 0:
            result.append(lst[i]**2)
        elif i % 4 == 0 and i%3 != 0:
            result.append(lst[i]**3)
        else:
            result.append(lst[i])
    return sum(result)
"
HumanEval/127,"
def intersection(interval1, interval2):
    """"""You are given two intervals,
    where each interval is a pair of integers. For example, interval = (start, end) = (1, 2).
    The given intervals are closed which means that the interval (start, end)
    includes both start and end.
    For each given interval, it is assumed that its start is less or equal its end.
    Your task is to determine whether the length of intersection of these two 
    intervals is a prime number.
    Example, the intersection of the intervals (1, 3), (2, 4) is (2, 3)
    which its length is 1, which not a prime number.
    If the length of the intersection is a prime number, return ""YES"",
    otherwise, return ""NO"".
    If the two intervals don't intersect, return ""NO"".


    [input/output] samples:
    intersection((1, 2), (2, 3)) ==> ""NO""
    intersection((-1, 1), (0, 4)) ==> ""NO""
    intersection((-3, -1), (-5, 5)) ==> ""YES""
    """"""
","    def is_prime(num):
        if num == 1 or num == 0:
            return False
        if num == 2:
            return True
        for i in range(2, num):
            if num%i == 0:
                return False
        return True

    l = max(interval1[0], interval2[0])
    r = min(interval1[1], interval2[1])
    length = r - l
    if length > 0 and is_prime(length):
        return ""YES""
    return ""NO""
","def check(candidate):

    # Check some simple cases
    assert candidate((1, 2), (2, 3)) == ""NO""
    assert candidate((-1, 1), (0, 4)) == ""NO""
    assert candidate((-3, -1), (-5, 5)) == ""YES""
    assert candidate((-2, 2), (-4, 0)) == ""YES""

    # Check some edge cases that are easy to work out by hand.
    assert candidate((-11, 2), (-1, -1)) == ""NO""
    assert candidate((1, 2), (3, 5)) == ""NO""
    assert candidate((1, 2), (1, 2)) == ""NO""
    assert candidate((-2, -2), (-3, -2)) == ""NO""

",intersection,"
def intersection(interval1, interval2):
    """"""You are given two intervals,
    where each interval is a pair of integers. For example, interval = (start, end) = (1, 2).
    The given intervals are closed which means that the interval (start, end)
    includes both start and end.
    For each given interval, it is assumed that its start is less or equal its end.
    Your task is to determine whether the length of intersection of these two 
    intervals is a prime number.
    Example, the intersection of the intervals (1, 3), (2, 4) is (2, 3)
    which its length is 1, which not a prime number.
    If the length of the intersection is a prime number, return ""YES"",
    otherwise, return ""NO"".
    If the two intervals don't intersect, return ""NO"".


    [input/output] samples:
    intersection((1, 2), (2, 3)) ==> ""NO""
    intersection((-1, 1), (0, 4)) ==> ""NO""
    intersection((-3, -1), (-5, 5)) ==> ""YES""
    """"""
","
def intersection(interval1, interval2):
    """"""You are given two intervals,
    where each interval is a pair of integers. For example, interval = (start, end) = (1, 2).
    The given intervals are closed which means that the interval (start, end)
    includes both start and end.
    For each given interval, it is assumed that its start is less or equal its end.
    Your task is to determine whether the length of intersection of these two 
    intervals is a prime number.
    Example, the intersection of the intervals (1, 3), (2, 4) is (2, 3)
    which its length is 1, which not a prime number.
    If the length of the intersection is a prime number, return ""YES"",
    otherwise, return ""NO"".
    If the two intervals don't intersect, return ""NO"".


    [input/output] samples:
    intersection((1, 2), (2, 3)) ==> ""NO""
    intersection((-1, 1), (0, 4)) ==> ""NO""
    intersection((-3, -1), (-5, 5)) ==> ""YES""
    """"""
    def is_prime(num):
        if num == 1 or num == 0:
            return False
        if num == 2:
            return True
        for i in range(2, num):
            if num%i == 0:
                return False
        return True

    l = max(interval1[0], interval2[0])
    r = min(interval1[1], interval2[1])
    length = r - l
    if length > 0 and is_prime(length):
        return ""YES""
    return ""NO""
"
HumanEval/111,"
def histogram(test):
    """"""Given a string representing a space separated lowercase letters, return a dictionary
    of the letter with the most repetition and containing the corresponding count.
    If several letters have the same occurrence, return all of them.
    
    Example:
    histogram('a b c') == {'a': 1, 'b': 1, 'c': 1}
    histogram('a b b a') == {'a': 2, 'b': 2}
    histogram('a b c a b') == {'a': 2, 'b': 2}
    histogram('b b b b a') == {'b': 4}
    histogram('') == {}

    """"""
","    dict1={}
    list1=test.split("" "")
    t=0

    for i in list1:
        if(list1.count(i)>t) and i!='':
            t=list1.count(i)
    if t>0:
        for i in list1:
            if(list1.count(i)==t):
                
                dict1[i]=t
    return dict1
","def check(candidate):

    # Check some simple cases
    assert candidate('a b b a') == {'a':2,'b': 2}, ""This prints if this assert fails 1 (good for debugging!)""
    assert candidate('a b c a b') == {'a': 2, 'b': 2}, ""This prints if this assert fails 2 (good for debugging!)""
    assert candidate('a b c d g') == {'a': 1, 'b': 1, 'c': 1, 'd': 1, 'g': 1}, ""This prints if this assert fails 3 (good for debugging!)""
    assert candidate('r t g') == {'r': 1,'t': 1,'g': 1}, ""This prints if this assert fails 4 (good for debugging!)""
    assert candidate('b b b b a') == {'b': 4}, ""This prints if this assert fails 5 (good for debugging!)""
    assert candidate('r t g') == {'r': 1,'t': 1,'g': 1}, ""This prints if this assert fails 6 (good for debugging!)""
    
    
    # Check some edge cases that are easy to work out by hand.
    assert candidate('') == {}, ""This prints if this assert fails 7 (also good for debugging!)""
    assert candidate('a') == {'a': 1}, ""This prints if this assert fails 8 (also good for debugging!)""

",histogram,"
def histogram(test):
    """"""Given a string representing a space separated lowercase letters, return a dictionary
    of the letter with the most repetition and containing the corresponding count.
    If several letters have the same occurrence, return all of them.
    
    Example:
    histogram('a b c') == {'a': 1, 'b': 1, 'c': 1}
    histogram('a b b a') == {'a': 2, 'b': 2}
    histogram('a b c a b') == {'a': 2, 'b': 2}
    histogram('b b b b a') == {'b': 4}
    histogram('') == {}

    """"""
","
def histogram(test):
    """"""Given a string representing a space separated lowercase letters, return a dictionary
    of the letter with the most repetition and containing the corresponding count.
    If several letters have the same occurrence, return all of them.
    
    Example:
    histogram('a b c') == {'a': 1, 'b': 1, 'c': 1}
    histogram('a b b a') == {'a': 2, 'b': 2}
    histogram('a b c a b') == {'a': 2, 'b': 2}
    histogram('b b b b a') == {'b': 4}
    histogram('') == {}

    """"""
    dict1={}
    list1=test.split("" "")
    t=0

    for i in list1:
        if(list1.count(i)>t) and i!='':
            t=list1.count(i)
    if t>0:
        for i in list1:
            if(list1.count(i)==t):
                
                dict1[i]=t
    return dict1
"
HumanEval/46,"

def fib4(n: int):
    """"""The Fib4 number sequence is a sequence similar to the Fibbonacci sequnece that's defined as follows:
    fib4(0) -> 0
    fib4(1) -> 0
    fib4(2) -> 2
    fib4(3) -> 0
    fib4(n) -> fib4(n-1) + fib4(n-2) + fib4(n-3) + fib4(n-4).
    Please write a function to efficiently compute the n-th element of the fib4 number sequence.  Do not use recursion.
    >>> fib4(5)
    4
    >>> fib4(6)
    8
    >>> fib4(7)
    14
    """"""
","    results = [0, 0, 2, 0]
    if n < 4:
        return results[n]

    for _ in range(4, n + 1):
        results.append(results[-1] + results[-2] + results[-3] + results[-4])
        results.pop(0)

    return results[-1]
","

METADATA = {}


def check(candidate):
    assert candidate(5) == 4
    assert candidate(8) == 28
    assert candidate(10) == 104
    assert candidate(12) == 386

",fib4,"

def fib4(n: int):
    """"""The Fib4 number sequence is a sequence similar to the Fibbonacci sequnece that's defined as follows:
    fib4(0) -> 0
    fib4(1) -> 0
    fib4(2) -> 2
    fib4(3) -> 0
    fib4(n) -> fib4(n-1) + fib4(n-2) + fib4(n-3) + fib4(n-4).
    Please write a function to efficiently compute the n-th element of the fib4 number sequence.  Do not use recursion.
    >>> fib4(5)
    4
    >>> fib4(6)
    8
    >>> fib4(7)
    14
    """"""
","

def fib4(n: int):
    """"""The Fib4 number sequence is a sequence similar to the Fibbonacci sequnece that's defined as follows:
    fib4(0) -> 0
    fib4(1) -> 0
    fib4(2) -> 2
    fib4(3) -> 0
    fib4(n) -> fib4(n-1) + fib4(n-2) + fib4(n-3) + fib4(n-4).
    Please write a function to efficiently compute the n-th element of the fib4 number sequence.  Do not use recursion.
    >>> fib4(5)
    4
    >>> fib4(6)
    8
    >>> fib4(7)
    14
    """"""
    results = [0, 0, 2, 0]
    if n < 4:
        return results[n]

    for _ in range(4, n + 1):
        results.append(results[-1] + results[-2] + results[-3] + results[-4])
        results.pop(0)

    return results[-1]
"
HumanEval/7,"from typing import List


def filter_by_substring(strings: List[str], substring: str) -> List[str]:
    """""" Filter an input list of strings only for ones that contain given substring
    >>> filter_by_substring([], 'a')
    []
    >>> filter_by_substring(['abc', 'bacd', 'cde', 'array'], 'a')
    ['abc', 'bacd', 'array']
    """"""
","    return [x for x in strings if substring in x]
","

METADATA = {
    'author': 'jt',
    'dataset': 'test'
}


def check(candidate):
    assert candidate([], 'john') == []
    assert candidate(['xxx', 'asd', 'xxy', 'john doe', 'xxxAAA', 'xxx'], 'xxx') == ['xxx', 'xxxAAA', 'xxx']
    assert candidate(['xxx', 'asd', 'aaaxxy', 'john doe', 'xxxAAA', 'xxx'], 'xx') == ['xxx', 'aaaxxy', 'xxxAAA', 'xxx']
    assert candidate(['grunt', 'trumpet', 'prune', 'gruesome'], 'run') == ['grunt', 'prune']
",filter_by_substring,"from typing import List


def filter_by_substring(strings: List[str], substring: str) -> List[str]:
    """""" Filter an input list of strings only for ones that contain given substring
    >>> filter_by_substring([], 'a')
    []
    >>> filter_by_substring(['abc', 'bacd', 'cde', 'array'], 'a')
    ['abc', 'bacd', 'array']
    """"""
","from typing import List


def filter_by_substring(strings: List[str], substring: str) -> List[str]:
    """""" Filter an input list of strings only for ones that contain given substring
    >>> filter_by_substring([], 'a')
    []
    >>> filter_by_substring(['abc', 'bacd', 'cde', 'array'], 'a')
    ['abc', 'bacd', 'array']
    """"""
    return [x for x in strings if substring in x]
"
HumanEval/9,"from typing import List, Tuple


def rolling_max(numbers: List[int]) -> List[int]:
    """""" From a given list of integers, generate a list of rolling maximum element found until given moment
    in the sequence.
    >>> rolling_max([1, 2, 3, 2, 3, 4, 2])
    [1, 2, 3, 3, 3, 4, 4]
    """"""
","    running_max = None
    result = []

    for n in numbers:
        if running_max is None:
            running_max = n
        else:
            running_max = max(running_max, n)

        result.append(running_max)

    return result
","

METADATA = {
    'author': 'jt',
    'dataset': 'test'
}


def check(candidate):
    assert candidate([]) == []
    assert candidate([1, 2, 3, 4]) == [1, 2, 3, 4]
    assert candidate([4, 3, 2, 1]) == [4, 4, 4, 4]
    assert candidate([3, 2, 3, 100, 3]) == [3, 3, 3, 100, 100]
",rolling_max,"from typing import List, Tuple


def rolling_max(numbers: List[int]) -> List[int]:
    """""" From a given list of integers, generate a list of rolling maximum element found until given moment
    in the sequence.
    >>> rolling_max([1, 2, 3, 2, 3, 4, 2])
    [1, 2, 3, 3, 3, 4, 4]
    """"""
","from typing import List, Tuple


def rolling_max(numbers: List[int]) -> List[int]:
    """""" From a given list of integers, generate a list of rolling maximum element found until given moment
    in the sequence.
    >>> rolling_max([1, 2, 3, 2, 3, 4, 2])
    [1, 2, 3, 3, 3, 4, 4]
    """"""
    running_max = None
    result = []

    for n in numbers:
        if running_max is None:
            running_max = n
        else:
            running_max = max(running_max, n)

        result.append(running_max)

    return result
"
HumanEval/112,"
def reverse_delete(s,c):
    """"""Task
    We are given two strings s and c, you have to deleted all the characters in s that are equal to any character in c
    then check if the result string is palindrome.
    A string is called palindrome if it reads the same backward as forward.
    You should return a tuple containing the result string and True/False for the check.
    Example
    For s = ""abcde"", c = ""ae"", the result should be ('bcd',False)
    For s = ""abcdef"", c = ""b""  the result should be ('acdef',False)
    For s = ""abcdedcba"", c = ""ab"", the result should be ('cdedc',True)
    """"""
","    s = ''.join([char for char in s if char not in c])
    return (s,s[::-1] == s)
","def check(candidate):

    assert candidate(""abcde"",""ae"") == ('bcd',False)
    assert candidate(""abcdef"", ""b"") == ('acdef',False)
    assert candidate(""abcdedcba"",""ab"") == ('cdedc',True)
    assert candidate(""dwik"",""w"") == ('dik',False)
    assert candidate(""a"",""a"") == ('',True)
    assert candidate(""abcdedcba"","""") == ('abcdedcba',True)
    assert candidate(""abcdedcba"",""v"") == ('abcdedcba',True)
    assert candidate(""vabba"",""v"") == ('abba',True)
    assert candidate(""mamma"", ""mia"") == ("""", True)
",reverse_delete,"
def reverse_delete(s,c):
    """"""Task
    We are given two strings s and c, you have to deleted all the characters in s that are equal to any character in c
    then check if the result string is palindrome.
    A string is called palindrome if it reads the same backward as forward.
    You should return a tuple containing the result string and True/False for the check.
    Example
    For s = ""abcde"", c = ""ae"", the result should be ('bcd',False)
    For s = ""abcdef"", c = ""b""  the result should be ('acdef',False)
    For s = ""abcdedcba"", c = ""ab"", the result should be ('cdedc',True)
    """"""
","
def reverse_delete(s,c):
    """"""Task
    We are given two strings s and c, you have to deleted all the characters in s that are equal to any character in c
    then check if the result string is palindrome.
    A string is called palindrome if it reads the same backward as forward.
    You should return a tuple containing the result string and True/False for the check.
    Example
    For s = ""abcde"", c = ""ae"", the result should be ('bcd',False)
    For s = ""abcdef"", c = ""b""  the result should be ('acdef',False)
    For s = ""abcdedcba"", c = ""ab"", the result should be ('cdedc',True)
    """"""
    s = ''.join([char for char in s if char not in c])
    return (s,s[::-1] == s)
"
HumanEval/157,"
def right_angle_triangle(a, b, c):
    '''
    Given the lengths of the three sides of a triangle. Return True if the three
    sides form a right-angled triangle, False otherwise.
    A right-angled triangle is a triangle in which one angle is right angle or 
    90 degree.
    Example:
    right_angle_triangle(3, 4, 5) == True
    right_angle_triangle(1, 2, 3) == False
    '''
","    return a*a == b*b + c*c or b*b == a*a + c*c or c*c == a*a + b*b
","def check(candidate):

    # Check some simple cases
    assert candidate(3, 4, 5) == True, ""This prints if this assert fails 1 (good for debugging!)""
    assert candidate(1, 2, 3) == False
    assert candidate(10, 6, 8) == True
    assert candidate(2, 2, 2) == False
    assert candidate(7, 24, 25) == True
    assert candidate(10, 5, 7) == False
    assert candidate(5, 12, 13) == True
    assert candidate(15, 8, 17) == True
    assert candidate(48, 55, 73) == True

    # Check some edge cases that are easy to work out by hand.
    assert candidate(1, 1, 1) == False, ""This prints if this assert fails 2 (also good for debugging!)""
    assert candidate(2, 2, 10) == False

",right_angle_triangle,"
def right_angle_triangle(a, b, c):
    '''
    Given the lengths of the three sides of a triangle. Return True if the three
    sides form a right-angled triangle, False otherwise.
    A right-angled triangle is a triangle in which one angle is right angle or 
    90 degree.
    Example:
    right_angle_triangle(3, 4, 5) == True
    right_angle_triangle(1, 2, 3) == False
    '''
","
def right_angle_triangle(a, b, c):
    '''
    Given the lengths of the three sides of a triangle. Return True if the three
    sides form a right-angled triangle, False otherwise.
    A right-angled triangle is a triangle in which one angle is right angle or 
    90 degree.
    Example:
    right_angle_triangle(3, 4, 5) == True
    right_angle_triangle(1, 2, 3) == False
    '''
    return a*a == b*b + c*c or b*b == a*a + c*c or c*c == a*a + b*b
"
HumanEval/70,"
def strange_sort_list(lst):
    '''
    Given list of integers, return list in strange order.
    Strange sorting, is when you start with the minimum value,
    then maximum of the remaining integers, then minimum and so on.

    Examples:
    strange_sort_list([1, 2, 3, 4]) == [1, 4, 2, 3]
    strange_sort_list([5, 5, 5, 5]) == [5, 5, 5, 5]
    strange_sort_list([]) == []
    '''
","    res, switch = [], True
    while lst:
        res.append(min(lst) if switch else max(lst))
        lst.remove(res[-1])
        switch = not switch
    return res
","def check(candidate):

    # Check some simple cases
    assert candidate([1, 2, 3, 4]) == [1, 4, 2, 3]
    assert candidate([5, 6, 7, 8, 9]) == [5, 9, 6, 8, 7]
    assert candidate([1, 2, 3, 4, 5]) == [1, 5, 2, 4, 3]
    assert candidate([5, 6, 7, 8, 9, 1]) == [1, 9, 5, 8, 6, 7]
    assert candidate([5, 5, 5, 5]) == [5, 5, 5, 5]
    assert candidate([]) == []
    assert candidate([1,2,3,4,5,6,7,8]) == [1, 8, 2, 7, 3, 6, 4, 5]
    assert candidate([0,2,2,2,5,5,-5,-5]) == [-5, 5, -5, 5, 0, 2, 2, 2]
    assert candidate([111111]) == [111111]

    # Check some edge cases that are easy to work out by hand.
    assert True

",strange_sort_list,"
def strange_sort_list(lst):
    '''
    Given list of integers, return list in strange order.
    Strange sorting, is when you start with the minimum value,
    then maximum of the remaining integers, then minimum and so on.

    Examples:
    strange_sort_list([1, 2, 3, 4]) == [1, 4, 2, 3]
    strange_sort_list([5, 5, 5, 5]) == [5, 5, 5, 5]
    strange_sort_list([]) == []
    '''
","
def strange_sort_list(lst):
    '''
    Given list of integers, return list in strange order.
    Strange sorting, is when you start with the minimum value,
    then maximum of the remaining integers, then minimum and so on.

    Examples:
    strange_sort_list([1, 2, 3, 4]) == [1, 4, 2, 3]
    strange_sort_list([5, 5, 5, 5]) == [5, 5, 5, 5]
    strange_sort_list([]) == []
    '''
    res, switch = [], True
    while lst:
        res.append(min(lst) if switch else max(lst))
        lst.remove(res[-1])
        switch = not switch
    return res
"
